area,name,lat,long,status,note
上田地区,1,36.3953204,138.2593578,0,東部こども館道路沿コンクリーﾄ壁（上常田・投票区1）
上田地区,2,36.3951872,138.2573219,0,科野大宮社境内東部児童公園南道路沿い（上常田・投票区1）
上田地区,3,36.3923569,138.2574499,0,イオン上田店南側交差点前空き地（中常田・投票区1）
上田地区,4,36.3950483,138.2540833,0,小県郡医師会西側公園フェンス沿い（下常田・投票区1）
上田地区,5,36.3967342,138.2558553,0,毘沙門堂南東垣荻久保ハンコ店向かい（下常田・投票区1）
上田地区,6,36.3981036,138.2597104,0,昭和シェルガソリンスタンド東側植込み（北常田・投票区1）
上田地区,7,36.397162,138.2606243,0,古池〆子様宅前歩道境桜の植え込み（北常田・投票区1）
上田地区,8,36.396076,138.2668405,0,袮津線斉藤徳三郎様宅南側河川フェンス（常入・投票区1）
上田地区,9,36.3875758,138.2602328,0,泉町県営住宅Ｂ棟団地集会所北側フェンス（泉町・投票区2）
上田地区,10,36.3892072,138.2586527,0,第五福神橋たもと空き地みなしん堂クリニック向かい（泉町・投票区2）
上田地区,11,36.3906987,138.2589193,0,六川税務事務所(石川猛)様宅前道路敷（踏入・投票区2）
上田地区,12,36.3909626,138.2601636,0,国道141号線沿イオン上田北側ガードレール（踏入・投票区2）
上田地区,13,36.3884823,138.2649022,0,若林工業(有)南側川沿いガードレール（踏入・投票区2）
上田地区,14,36.3898294,138.2674852,0,宮下組資材置場（踏入・投票区2）
上田地区,15,36.3870491,138.2636219,0,上田－中裏上り口横道路脇フェンス（踏入・投票区2）
上田地区,16,36.4013699,138.2561411,0,島田甲子雄様宅塀（鍛冶町・投票区3）
上田地区,17,36.4011838,138.2573188,0,｢ひとまちげんき･健康プラザうえだ｣合同庁舎側植え込み（材木町・投票区3）
上田地区,18,36.3998256,138.2585938,0,材木町公会堂西側ブロック塀･フェンス（材木町・投票区3）
上田地区,19,36.4005924,138.2616912,0,旧材木町郵便局南側児童公園フェンス（材木町・投票区3）
上田地区,20,36.396726,138.2651822,1,上田信用金庫本店西側駐車場西側道路沿い（材木町・投票区3）
上田地区,21,36.4012033,138.2608324,0,材木町チビッコプール北側フェンス隅田隆太郎様宅道路向側（材木町・投票区3）
上田地区,22,36.4011838,138.2573188,0,｢ひとまちげんき･健康プラザうぇだ｣ツルヤ側植え込み（愛宕町・投票区3）
上田地区,23,36.4028959,138.2610495,0,日本無線上田物流センター入口植え込み前（愛宕町・投票区3）
上田地区,24,36.3965926,138.2492835,0,上田駅温泉匚i側温泉口有料駐車場フェンス（北天神町・投票区4）
上田地区,25,36.3974869,138.249614,0,若菜館ビル向かい側植込み及び欄干（北天神町・投票区4）
上田地区,26,36.3976758,138.2494862,0,ファミリーマーﾄ駐車場西側フェンス中村食堂側（北天神町・投票区4）
上田地区,27,36.4019699,138.2432363,0,櫓下観光駐車場横プレイ広場(バスケット等)市道側フェンス（北天神町・投票区4）
上田地区,28,36.3963398,138.2478587,0,みすずピル前歩道脇緑地（南天神町・投票区4）
上田地区,29,36.3976647,138.2461753,0,天神3･4丁目の信号からアリオ方面に向かい左側道路沿いの植込み（南天神町・投票区4）
上田地区,30,36.4020449,138.2401004,0,旧(株)クノール食品西側角フェンス（泉平・投票区4）
上田地区,31,36.3999506,138.2560579,0,伊勢宮道路側正面の左側石垣（横町・投票区5）
上田地区,32,36.3999284,138.2537775,0,伊藤ビル東側道路沿いフェンス（海野町・投票区5）
上田地区,33,36.40072,138.2543413,0,袋町自治会館ブロック塀（袋町・投票区5）
上田地区,34,36.400145,138.2506027,0,日本キリスト教会上田教会のブロック塀（松尾町・投票区5）
上田地区,35,36.4099099,138.2448151,0,ふじ五ビル横有料駐車場右側フェンス（本町・投票区5）
上田地区,36,36.3981119,138.2512083,0,飯島祐介様宅駐車場ブロック塀（鷹匠町・投票区5）
上田地区,37,36.3992784,138.2498306,0,上田温泉西側ガードレール（末広町・投票区5）
上田地区,38,36.4019671,138.249086,0,市役所本庁舎駐車場（大手町・投票区5）
上田地区,39,36.4032309,138.25423,0,上田パーキング西面パイプフェンス（原町・投票区5）
上田地区,40,36.4042474,138.2473026,0,JA信州うえだ本所向かい側の公園の空き地（大手町・投票区5）
上田地区,41,36.4005117,138.2550663,0,国道141号線を挟んで社協の向かい側蛭沢川上の新土橋（田町・投票区6）
上田地区,42,36.4068554,138.2606793,0,中央東マンション前ガードレール（上川原柳町・投票区6）
上田地区,43,36.4021532,138.2690455,0,国道144号線沿い古里西交差点北畑（上川原柳町・投票区6）
上田地区,44,36.4032086,138.2577603,0,たちばな幼稚園本陽寺駐車場の壁面(本陽寺参道側)（上鍛冶町・投票区6）
上田地区,45,36.4051862,138.2560103,0,草刈貞行様宅向かいの駐車場の塀（上房山・投票区6）
上田地区,46,36.4058833,138.2559714,0,水野駐車場ブロック塀（上房山・投票区6）
上田地区,47,36.402817,138.2553911,0,聖ミカエル保育園西側生垣沿い（馬場町・投票区6）
上田地区,48,36.4099189,138.254774,0,海禅寺裏の塀（新田・投票区7）
上田地区,49,36.4140323,138.2504297,0,市立産婦人科病院北側駐車場フェンス(横山様宅向い)（新田・投票区7）
上田地区,50,36.4151989,138.2524933,0,三中グランド南側入ロネット際（新田・投票区7）
上田地区,51,36.4125103,138.2548739,0,北小学校校門向かいガードレール（新田・投票区7）
上田地区,52,36.4078609,138.2548436,0,国道18号中央北交差点マンション南側フェンス（新田・投票区7）
上田地区,53,36.4083719,138.2557824,0,寺前橋東橋詰保男様宅駐車場フェンス（新田・投票区7）
上田地区,54,36.4140823,138.2600761,0,上田バイパス｢新田東｣交差点北こがねや酒店前付近ガードレール（新田・投票区7）
上田地区,55,36.4038169,138.2528634,0,国道141号線沿矢出沢川上の瓢橋（柳町・投票区8）
上田地区,56,36.4054528,138.2523439,0,グランドハイツみどり西側ネットフェンス（木町・投票区8）
上田地区,57,36.4071721,138.2522966,0,呈蓮寺橋上西側フェンス（上紺屋町・投票区8）
上田地区,58,36.4071278,138.2503751,0,矢出沢川の橋上西側フェンス沿い（上紺屋町・投票区8）
上田地区,59,36.4087191,138.2507577,0,八幡神社東側道路沿いフェンス（下紺屋町・投票区8）
上田地区,60,36.4075137,138.2477496,0,下紺屋町公会堂前西八幡橋歩道橋西側フェンス（下紺屋町・投票区8）
上田地区,61,36.405214,138.2481025,0,柳沢病院院長様宅西側ブロック塀（北大手町・投票区8）
上田地区,62,36.4064888,138.2459581,0,藤原博美様宅ブロック塀(上田城西側出口つきあたり)（北大手町・投票区8）
上田地区,63,36.4111597,138.2492669,0,県営住宅M4号東道路沿いバス停付近（緑が丘・投票区9）
上田地区,64,36.4111521,138.2484966,0,緑が丘会館西側フェンス（緑が丘・投票区9）
上田地区,65,36.4121703,138.2469924,0,新屋会館入口東側フェンス（新屋・投票区9）
上田地区,66,36.4128797,138.2482938,0,児童公園南側道路沿いフェンス（新屋・投票区9）
上田地区,67,36.4136879,138.2467605,0,緑が丘西バス停北阿野寅雄所有駐車場向い側ガードレール（新屋・投票区9）
上田地区,68,36.4149711,138.246366,0,緑が丘西市営住宅24号前東側フェンス（緑が丘北・投票区9）
上田地区,69,36.4144035,138.2484893,0,緑が丘北会館西側フェンス（緑が丘北・投票区9）
上田地区,70,36.4145962,138.2499269,0,市営住宅360号西石垣上（緑が丘北・投票区9）
上田地区,71,36.4085497,138.2455664,0,旧法務局南側駐車場道路沿いフェンス(看板横)（鎌原・投票区10）
上田地区,72,36.4075026,138.2438388,0,西澤一様宅ブロック塀（西脇・投票区10）
上田地区,73,36.4075737,138.2428712,0,西脇会館隣西脇稲荷神社フェンス（西脇・投票区10）
上田地区,74,36.4081969,138.2393863,0,新町公会堂東側向源寺参道左側（新町・投票区10）
上田地区,75,36.4073359,138.2425389,0,ポケットパーク矢出沢川沿いフェンス（諏訪部・投票区10）
上田地区,76,36.4056861,138.2372726,0,メガネストアーと飲食店の間の畑（諏訪部・投票区10）
上田地区,77,36.4059916,138.24275,0,市営野球場西相撲場付近フェンス（西脇・投票区10）
上田地区,78,36.4096703,138.2380894,0,生塚自治会館正面左側自治会掲示板前（生塚・投票区11）
上田地区,79,36.4113271,138.2424887,0,城北ゲートボール場南側濱村駐車場道路沿い（城北・投票区11）
上田地区,80,36.4102495,138.2411027,0,旧小西屋駐車場出入口道路向い側市民農園畔（城北・投票区11）
上田地区,81,36.410655,138.2432887,0,旧西部公民館北側植え込み（城北・投票区11）
上田地区,82,36.4136713,138.2443134,0,成澤一雄様宅前道路西区案内板隣ガードレール（緑が丘西・投票区11）
上田地区,83,36.4154127,138.2436773,0,緑が丘西会館東側フェンス（緑が丘西・投票区11）
上田地区,84,36.4139685,138.2402859,0,新西部公民館敷地（常磐町・投票区11）
上田地区,85,36.4132574,138.2388138,0,常磐町自治会館西側いちい植え込み沿い（常磐町・投票区11）
上田地区,86,36.4118854,138.2335781,0,(市長選用)駐車場入口の右側(市議選用ポスターの左側)（秋和・投票区12）
上田地区,86,36.4127381,138.2345975,0,(市議選用)旧道吉澤正人氏所有地路地（秋和・投票区12）
上田地区,87,36.4118854,138.2335781,0,秋和保育園から田んぼを挟んで西側の駐車場（秋和・投票区12）
上田地区,88,36.4141684,138.2320559,0,秋和自治会館南側ブロック塀（秋和・投票区12）
上田地区,89,36.4147073,138.2279145,0,東郷堂秋和営業所東用水路沿い（秋和・投票区12）
上田地区,90,36.4151794,138.2278923,0,コムパツクシステム南側用水路フェンス沿い（秋和・投票区12）
上田地区,91,36.4105522,138.2342143,0,連合青果入口北側フェンス（秋和・投票区12）
上田地区,92,36.4118854,138.2335781,0,新日本運輸西側道路沿いガードレール（秋和・投票区12）
上田地区,93,36.4182345,138.2177126,0,塩尻小学校北西隅交差点堀越用水ガードレール（上塩尻・投票区13）
上田地区,94,36.41779,138.2141547,0,JA信州うえだ塩尻店裏の水路沿いガードレール（上塩尻・投票区13）
上田地区,95,36.4183315,138.211455,0,宮下袈裟一様宅入口右側ブロック塀（上塩尻・投票区13）
上田地区,96,36.4170734,138.2151546,0,塩尻郵便局向かい空き地バス停左側（上塩尻・投票区13）
上田地区,97,36.4190982,138.2164294,0,(市議選用)馬場克彦氏様宅向かい側空き地（上塩尻・投票区13）
上田地区,97,36.4159764,138.215163,0,(市長選用)馬場幸一様宅道路沿い板塀（上塩尻・投票区13）
上田地区,98,36.4158735,138.2112912,0,日清フアルマ上田工場正面玄関北側ブロック塀（上塩尻・投票区13）
上田地区,99,36.413371,138.2125495,0,新屋集会所東向道祖神北側道路沿い（上塩尻・投票区13）
上田地区,100,36.4188202,138.2068528,0,旧道沓掛酒造倉庫沿いと倉庫西側壁面（下塩尻・投票区14）
上田地区,101,36.4188202,138.2068528,0,国道18号線下塩尻信号南東歩道沿い（下塩尻・投票区14）
上田地区,102,36.4188923,138.2030643,0,市営住宅入口しなの鉄道線路沿い道路敷（下塩尻・投票区14）
上田地区,103,36.4181202,138.2035615,0,下塩尻公民館前正面左側生垣沿いから北側倉庫にかけて（下塩尻・投票区14）
上田地区,104,36.4188202,138.2068528,0,古田公司様宅様宅地北側水路沿い（下塩尻・投票区14）
上田地区,105,36.3696823,138.2920008,0,旧道宮下博志様宅西側植え込み沿い理容室｢ﾀﾅｶ｣斜向かい（大屋・投票区15）
上田地区,106,36.3696603,138.2945671,0,上田信金大屋支店斜向かい歩道防護柵（大屋・投票区15）
上田地区,107,36.369016,138.2955004,0,大屋公会堂掲示板横（大屋・投票区15）
上田地区,108,36.3693215,138.295867,0,しなの鉄道大屋駅広場県道沿い花壇（大屋・投票区15）
上田地区,109,36.3693215,138.295867,0,コーポ｢スウィートフレンド｣南側ガードレール（大屋・投票区15）
上田地区,110,36.3711185,138.2953086,0,新美医院北側石垣上（大屋・投票区15）
上田地区,111,36.3742457,138.293517,0,下原大屋停車場線信越観光開発西新旧道路狭間地（大屋・投票区15）
上田地区,112,36.3826445,138.2896086,0,上青木公民館玄関左側庭石から東へ（上青木・投票区16）
上田地区,113,36.3812835,138.2888116,0,小野澤利満さん方南方ガードレール(市所有)（上青木・投票区16）
上田地区,114,36.3826166,138.2869284,0,マンション高寺西通り南下T字路ガードレール（上青木・投票区16）
上田地区,115,36.3878633,138.2897472,0,小諸上田線から梅が丘団地方面へ135m入った右側空き地(写真有り)   （梅が丘・投票区16）
上田地区,116,36.3878633,138.2897472,0,梅が丘遊園地フェンス(南寄り)（梅が丘・投票区16）
上田地区,117,36.3876661,138.2899861,0,火の見やぐら西対角ガードレール･火の見やぐらから西駐車場横畑（久保林・投票区16）
上田地区,118,36.3777893,138.2800959,0,かんがわクリニツクそばの歩道橋の下のガードレール（久保林・投票区16）
上田地区,119,36.3779754,138.2834789,0,今井榮一様宅前石ブロック塀（下青木・投票区17）
上田地区,120,36.3783949,138.2846955,0,下青木公民館東斜向かい今井稔様宅南側ブロック塀（下青木・投票区17）
上田地区,121,36.3766701,138.2876842,0,みすず台南公民館西側フェンス（みすず台南・投票区17）
上田地区,122,36.378581,138.2870786,0,長野ﾄﾞﾗｲ竜野商店西向い宮島政則所有畑道沿い（みすず台南・投票区17）
上田地区,123,36.3876661,138.2899861,0,神川第二保育園東フェンス給食室前（みすず台南・投票区17）
上田地区,124,36.3781422,138.2878397,0,みすず台北第1集会所南公園土手（みすず台北・投票区17）
上田地区,125,36.3769647,138.2902978,0,県営住宅41-A-1向かい豊岡様宅土手掲示板北隣（みすず台北・投票区17）
上田地区,126,36.3721761,138.2845875,0,国道18号と並行する市道(しなの鉄道線路の南側)沿い北国街道へ入る信号前のガードパイプ（岩下・投票区18）
上田地区,127,36.3724927,138.280624,0,岩下公民館（岩下・投票区18）
上田地区,128,36.3756895,138.2775157,0,上田市神川東中継ポンプ場前空き地（上沢・投票区18）
上田地区,129,36.3784168,138.2728743,0,上沢公会堂駐車場（上沢・投票区18）
上田地区,130,36.3874243,138.2806731,0,下掘コミュニティセンター駐車場池田様宅側（下掘・投票区18）
上田地区,131,36.3809553,138.2677552,0,堀川神社境内石垣上（下掘・投票区18）
上田地区,132,36.3864492,138.2643496,0,上堀公民館本館南側（上堀・投票区18）
上田地区,133,36.378928,138.2772822,0,黒坪公民館前ガードレール（黒坪・投票区19）
上田地区,134,36.3870491,138.2636219,0,国露津穂神社下T字路東ガードレール沿い（黒坪・投票区19）
上田地区,135,36.382733,138.2727019,0,北條千秋様宅東常田堰フェンス（国分・投票区19）
上田地区,136,36.3839607,138.272824,0,上小建設労働組合対面ガードレール（国分・投票区19）
上田地区,137,36.3870491,138.2636219,0,日信工業から国分寺本堂への道路北側ガードレール（国分・投票区19）
上田地区,138,36.3834604,138.2535813,0,松井清様宅東側道路ガードレール物置前（小牧・投票区20）
上田地区,139,36.3842854,138.250987,0,川崎様宅向い畑地土手ごみ集積場の上段（小牧・投票区20）
上田地区,140,36.3845575,138.2383074,0,矢島工務店から上田日本無線小牧工場への通り水路沿いガードレール（諏訪形・投票区20）
上田地区,141,36.390932,138.2435343,0,鯉正東側小住宅東道路沿い（諏訪形・投票区20）
上田地区,142,36.390482,138.2451787,0,諏訪形公民館北側（諏訪形・投票区20）
上田地区,143,36.3897237,138.2489701,0,ホテルタ月東丁字路市道上ガードレール（諏訪形・投票区20）
上田地区,144,36.3946539,138.2423758,0,バス停三好町―丁目北側緑地竹村文具店前（三好町・投票区20）
上田地区,145,36.3845575,138.2383074,0,別所線城下駅北西鉄道防護柵掲示板前（中村・投票区21）
上田地区,146,36.3922513,138.2377069,0,第四中学校グランド東側フェンス（中村・投票区21）
上田地区,147,36.3907987,138.2391013,0,中村公民館西側大井信幸様宅畑道沿い(南側寄り)（中村・投票区21）
上田地区,148,36.3905403,138.2413428,0,城下保育園南側フェンス沿い（中村・投票区21）
上田地区,149,36.3931096,138.2451229,0,みなかみ食堂南調整池壁面（朝日が丘・投票区21）
上田地区,150,36.3850297,138.2390462,0,朝日が丘児童館運動場西側フェンス（朝日が丘・投票区21）
上田地区,151,36.3845575,138.2383074,0,県道上田塩川線からの朝日ヶ丘団地入りロガードレール（朝日が丘・投票区21）
上田地区,152,36.3712504,138.2508962,0,手塚操様宅前石垣沿い(管理者:手塚義夫･元自治会長)（須川・投票区22）
上田地区,153,36.3845575,138.2383074,0,須川集会所前土手2910-142902-2（須川・投票区22）
川西地区,154,36.395651,138.2394815,0,横関幸雄さん様宅南側(向かい側)水路沿いガードレール（御所・投票区23）
川西地区,155,36.3950316,138.2411759,0,児玉良定様所有の田(西側)（御所・投票区23）
川西地区,156,36.3967926,138.2361538,0,さくら荘アパーﾄ北側ガードレール（御所・投票区23）
川西地区,157,36.3950316,138.2411759,0,御所公会堂南西側田んぼ（御所・投票区23）
川西地区,158,36.3925291,138.2361958,0,相沢真司様宅西側水路沿いフェンス（御所・投票区23）
川西地区,159,36.3950316,138.2411759,0,御所児童公園南側ガードレール（御所・投票区23）
川西地区,160,36.3872434,138.2359324,0,城下地区防災センター西側ガードレール（御所・投票区23）
川西地区,161,36.3957899,138.2222382,0,南小学校校庭フェンス北東北側道路沿い（中之条・投票区24）
川西地区,162,36.3992896,138.2316317,0,高岩建設作業所入口東側空地道路沿い（中之条・投票区24）
川西地区,163,36.3966481,138.2317736,0,田中幸子様宅向かい水路フェンス（中之条・投票区24）
川西地区,164,36.3898848,138.2333101,0,堀こどもクリニック前公園内（中之条・投票区24）
川西地区,165,36.3962204,138.2297015,0,ダイレツクス中之条店駐車場北側道路沿いフェンス（中之条・投票区24）
川西地区,166,36.3938678,138.2310489,0,山田建設道路向城南児童公園東側フェンス（中之条・投票区24）
川西地区,167,36.3920624,138.2305324,0,国道143号線沿いヤマギシ理容店前水路フェンス（中之条・投票区24）
川西地区,168,36.4010533,138.2233654,0,Tハイツ中之条北側山岸弘修様所有地の畦畔（千曲町・投票区25）
川西地区,169,36.4010533,138.2233654,0,千曲町公園せせらぎ広場植え込み(自治会館前)（千曲町・投票区25）
川西地区,170,36.40037,138.2283735,0,千曲高校北側フェンス西角（千曲町・投票区25）
川西地区,171,36.4012033,138.2275874,0,市営住宅Ｃ－８北側自転車置き場フェンス（千曲町・投票区25）
川西地区,172,36.4016755,138.2285095,0,県営住宅中之条第二団地AI東側ゴミ集積所左（千曲町・投票区25）
川西地区,173,36.4012033,138.2275874,0,千曲町団地集会室東側道路を挟んだ向かい側のガードパイプ（千曲町・投票区25）
川西地区,174,36.4026448,138.2223737,0,田中利明様宅畑北側道路沿い（千曲町・投票区25）
川西地区,175,36.4020779,138.2133275,0,下之条公民館入口南側植え込み沿い（下之条・投票区26）
川西地区,176,36.4018031,138.2159911,0,常福寺前道路挟んで反対側ブロック塀（下之条・投票区26）
川西地区,177,36.4029308,138.2195462,0,岸田直博様宅南側中村憲次様宅畑道路沿い（下之条・投票区26）
川西地区,178,36.4029308,138.2195462,0,下之条保育園南側道路沿いガードレール（下之条・投票区26）
川西地区,179,36.4014143,138.2204129,0,根津田団地入口左側西沢永至様宅横（下之条・投票区26）
川西地区,180,36.4004033,138.2199769,0,勝野初男様宅向かい側水路沿いのフェンス（下之条・投票区26）
川西地区,181,36.3989062,138.2204797,0,アサバハイツ南側ニケ村用水路防護フェンス（下之条・投票区26）
川西地区,182,36.3942149,138.2188081,0,小林英機様宅西用水路脇フェンス（上田原・投票区27）
川西地区,183,36.3950621,138.2170138,0,川辺小学校正面西に向う通り最初の交差点先北側水路防護フェンス（上田原・投票区27）
川西地区,184,36.3953842,138.2142751,0,上田原自治会館向いガードレール（上田原・投票区27）
川西地区,185,36.3932207,138.2245771,0,上田原地区ごみ集積場南側防火水槽フェンス（上田原・投票区27）
川西地区,186,36.3972757,138.2151194,0,県営上田野球場入口から東へ約300mの道路沿い（上田原・投票区27）
川西地区,187,36.3914264,138.2298102,0,県道上田･丸子線｢赤坂上｣交差点ネパール料理｢エベレスト｣西側緑地（川辺町・投票区28）
川西地区,188,36.3932207,138.2245771,0,よもぎハイツ東遊園地フェンス（川辺町・投票区28）
川西地区,189,36.3898848,138.2228025,0,上田原職員宿舎道路向塩崎典男様宅前市道ガードレール沿い（川辺町・投票区28）
川西地区,190,36.3933373,138.2246021,0,川辺町児童公園フェンス(団地内)（川辺町・投票区28）
川西地区,191,36.3944039,138.2217439,0,荒木昭路様宅道路向市道上河川フェンス沿い（川辺町・投票区28）
川西地区,192,36.391654,138.2160641,0,川辺保育園北側フェンス（川辺町・投票区28）
川西地区,193,36.3900403,138.2179363,0,(市長選用)駐車場国道側フェンス（川辺町・投票区28）
川西地区,193,36.3894265,138.216642,0,(市議選用)ホームセンタームサシ上田店国道沿い植栽部（川辺町・投票区28）
川西地区,194,36.3762638,138.216882,0,県道上田一丸子線沿い食事処かめや北歩道防護柵（神畑・投票区29）
川西地区,195,36.3809245,138.2175288,0,県道上田丸子線沿い宮崎板金前フェンス（神畑・投票区29）
川西地区,196,36.3896597,138.2122786,0,武重商会上田南SS西隣り駐車場道際（神畑・投票区29）
川西地区,197,36.3863045,138.2159951,0,神畑児童公園フェンス居酒屋たぬき亭東（神畑・投票区29）
川西地区,198,36.3896597,138.2122786,0,別所線寺下駅西側ガードレール（神畑・投票区29）
川西地区,199,36.3863045,138.2159951,0,神畑3-3松井重徳畑道路沿い（神畑・投票区29）
川西地区,200,36.3863184,138.2128649,0,西村橋北桜屋向かいガードレール（神畑・投票区29）
川西地区,201,36.3871184,138.2263109,0,長池公園東側植え込み内（倉升・投票区30）
川西地区,202,36.3867496965365,138.226524074543,4,長池東側カードレール(創造館寄り)（倉升・投票区30）
川西地区,203,36.3869268,138.2243999,0,創造館前グリーンパレス北側歩道フェンス（倉升・投票区30）
川西地区,204,36.3863407,138.2230306,0,ツクイ上田原デイサービスセンターのフェンス（倉升・投票区30）
川西地区,205,36.3859574,138.2204475,0,月見ケ丘団地東遊園地（倉升・投票区30）
川西地区,206,36.3876267,138.2225111,0,(市長選用)市議選用の右隣りの原修二様宅前（倉升・投票区30）
川西地区,207,36.3885322,138.2208806,0,小林宣一様宅東側城田数穗所有田東道路沿い（倉升・投票区30）
川西地区,208,36.4047718,138.2041285,0,主要地方道長野･上田線山口T字路南空き家消火栓北隣（半過・投票区31）
川西地区,209,36.4107765,138.1998677,0,半過公民館入口下土手際（半過・投票区31）
川西地区,210,36.4101488,138.1977597,0,上半過石井秀尚様宅向いりんご畑土手（半過・投票区31）
川西地区,211,36.3833517,138.1876533,0,下半過主要地方道長野･上田線沿いガードレール（半過・投票区31）
川西地区,212,36.4160673,138.1920741,0,下半過石井渡様宅西側河川ガードレール(天狗神社東)（半過・投票区31）
川西地区,213,36.3926538,138.2113868,0,築地精米所東畑道路沿い(塩入孝子所有畑前)（築地・投票区32）
川西地区,214,36.3945979,138.2049567,0,滝澤学様宅西側ブロック塀（築地・投票区32）
川西地区,215,36.3926538,138.2113868,0,築地クリニック北丁字交差点市道ガードレール（築地・投票区32）
川西地区,216,36.3955868,138.2079341,0,築地中央信号西側地下道入口植え込み（築地・投票区32）
川西地区,217,36.3961424,138.2106588,0,築地中央信号東側に入り､産川橋先北側道路沿いガードレール（築地・投票区32）
川西地区,218,36.3927677,138.211995,0,東築地公民館敷地（東築地・投票区32）
川西地区,219,36.3914817,138.2109785,0,関英子様宅向かい公園敷地内フェンス（東築地・投票区32）
川西地区,220,36.3888069,138.2056265,0,川辺･泉田地区防災センター前金網（福田・投票区33）
川西地区,221,36.3851378,138.2023659,0,福田区民センター入口左側フェンス（福田・投票区33）
川西地区,222,36.3882431,138.206707,0,福田信号保野方面に進行三角地駐車場南側（福田・投票区33）
川西地区,223,36.3900679,138.2048598,0,築地池から国道143号線方向へ進行し交差点正面（吉田・投票区33）
川西地区,224,36.3879847,138.200302,0,吉田公民館前停留所東側（吉田・投票区33）
川西地区,225,36.3874013,138.1965607,0,アパート(アグリア西館･東館)向かい側のガードレール（吉田・投票区33）
川西地区,226,36.3912206,138.2072345,0,宮島生活改善センター東松井安信様宅生垣沿い（吉田・投票区33）
塩田地区,227,36.4322248,138.2953302,0,畑山橋欄干（畑山・投票区34）
塩田地区,228,36.417821,138.2946755,0,伊勢山郵便局駐車場前向かいガードレール（伊勢山・投票区34）
塩田地区,229,36.4135464,138.2913705,0,伊勢山生活改善センター入口（伊勢山・投票区34）
塩田地区,230,36.4075998,138.2902654,0,グラン･ピア神科事業所入口右側フェンス（伊勢山・投票区34）
塩田地区,231,36.404775,138.274245,0,神科小学校給食室東側出入ロフェンス沿い（伊勢山・投票区34）
塩田地区,232,36.4134269,138.2885041,0,住吉が丘コミュニティ集会場南側公園フェンス（住吉が丘・投票区34）
塩田地区,233,36.4108051,138.2933789,0,富士見台第1公園フェンス掲示板右（富士見台・投票区34）
塩田地区,234,36.4072777,138.2916542,0,第五中学校前歩道防護柵(校舎と体育館の中間)（神科新屋・投票区35）
塩田地区,235,36.4051753,138.2961539,0,湯本幸一様宅東新屋作業所前（神科新屋・投票区35）
塩田地区,236,36.4016479,138.2946321,0,広野辺神社参道脇幟立てから下方へ道沿い（野竹・投票区35）
塩田地区,237,36.4011534,138.2912657,0,野竹トンネル上市道西側空き地フェンス沿い（野竹・投票区35）
塩田地区,238,36.4001034,138.2830332,0,西野竹自治会館南隣やおふく駐車場境植え込み（西野竹・投票区35）
塩田地区,239,36.3937014,138.2780618,0,浅間サンライン沿い水道用地(100万ドル神科店向かい側)（西野竹   ・投票区35）
塩田地区,240,36.3936348,138.2884998,0,笹井公民館隣ゲートボール場フェンス（笹井・投票区36）
塩田地区,241,36.3937014,138.2780618,0,県道79号線沿い笹井神社参道入口段下空き家前フェンス沿い（笹井・投票区36）
塩田地区,242,36.3937014,138.2780618,0,市営古里団地自治会館並びの植え込み沿い（川原・投票区36）
塩田地区,243,36.3903018,138.2830366,0,袮津線バス停岩門南側歩道沿い（岩門・投票区36）
塩田地区,244,36.389699,138.2785148,0,岩門集落センター入口西側空き地県道沿い（岩門・投票区36）
塩田地区,245,36.3937014,138.2780618,0,バイパス沿い半鐘櫓北側（岩門・投票区36）
塩田地区,246,36.3968954,138.2723649,0,西沢博様宅北側ブロック塀（染屋・投票区37）
塩田地区,247,36.3989091,138.2752257,0,中央住研南小沼嘉一様宅畑木柵沿い（染屋・投票区37）
塩田地区,248,36.3937014,138.2780618,0,西沢忠様宅先T字市道待避所敷き土手（染屋・投票区37）
塩田地区,249,36.3937014,138.2780618,0,染屋浄水場南入口北側畑土手（染屋・投票区37）
塩田地区,250,36.4068221,138.2650872,0,県道180号線沿い蛇沢自治会館右側ガードレール（蛇沢・投票区38）
塩田地区,251,36.4078581,138.2683785,0,蛇沢大橋下県道ガードレール近藤隆英様宅物置前（蛇沢・投票区38）
塩田地区,252,36.4100078,138.2736029,0,やき鳥｢かかし｣前道路敷（金井・投票区38）
塩田地区,253,36.4132269,138.2697336,0,｢カーズヒロ｣の歩道沿いのフェンス（金井・投票区38）
塩田地区,254,36.4128103,138.2683227,0,農協西部選果所北側､倉庫沿い道路の法敷（山口・投票区38）
塩田地区,255,36.4136213,138.2648813,0,山崎博久様宅南畑横駐車場フェンス東側（山口・投票区38）
塩田地区,256,36.4178347,138.2662337,0,山口公民館駐車場東側畑市道沿い（山口・投票区38）
塩田地区,257,36.4031503,138.2805249,0,(株)宮澤物産ＫＭＢコンテナー向い水路沿いガードレール（大久保・投票区39）
塩田地区,258,36.4162404,138.2761245,0,大久保公民館北向い六川澄夫様宅畑道沿い（大久保・投票区39）
塩田地区,259,36.4058917,138.2741448,0,(市議選用)手塚満良様宅西側畑フェンス沿い（大久保・投票区39）
塩田地区,259,36.4041141,138.2805249,0,(市長選用)市議選の向かい側ゴミ集積所フェンス（大久保・投票区39）
塩田地区,260,36.4227341,138.2859871,0,金剛寺公民館駐車場塀（金剛寺・投票区39）
塩田地区,261,36.4198372,138.2853624,0,アルファ電子(株)西側（金剛寺・投票区39）
塩田地区,262,36.4058917,138.2741448,0,神科第一保育園入口向かいU字溝とフェンスの間（長島・投票区39）
塩田地区,263,36.4098162,138.2787164,0,神科児童センター横河川防護柵（長島・投票区39）
塩田地区,264,36.4078386,138.2833661,0,上野が丘公民館南側歩道フェンス沿い（長島・投票区39）
塩田地区,265,36.4050917,138.2784528,0,崇教真光上田小修験道場駐車場南角（長島・投票区39）
塩田地区,266,36.3864776,138.2944718,0,大山祗神社東道向いガードレール（長入・投票区40）
塩田地区,267,36.3925661,138.3053482,0,第13分団消防庫北東側ガードレール（小井田・投票区40）
塩田地区,268,36.3979878,138.3098308,0,大日木公民館西側柄澤春夫様宅側道路敷（大日木・投票区40）
塩田地区,269,36.3864776,138.2944718,0,森生活改善センター土塀沿い道路際(防火水槽脇)（森・投票区40）
塩田地区,270,36.4007761,138.30552,0,堀内けさ子様宅東行沢川ガードレール（宮之上・投票区40）
塩田地区,271,36.3978709,138.3020066,0,漆戸公民館前広場東端ブロック塀に沿って設置（漆戸・投票区40）
塩田地区,272,36.3940155,138.2930743,0,集荷場斜向かい酒井史夫様宅物置前（林之郷・投票区40）
塩田地区,273,36.3942821,138.2933659,0,岩崎敬様宅東側用水沿い消火栓ホース箱左側（林之郷・投票区40）
塩田地区,274,36.3864776,138.2944718,0,中吉田精米所道路側壁沿い（中吉田・投票区41）
塩田地区,275,36.3864776,138.2944718,0,高野袈裟徳様宅西小林弘道様所有畑道路沿い（中吉田・投票区41）
塩田地区,276,36.3864776,138.2944718,0,杉崎斌様宅南車待避所脇出村治雄様宅田の土手（町吉田・投票区41）
塩田地区,277,36.3864776,138.2944718,0,(有)井出興業前｢上田バイパスニ期工事早期事業化｣看板前（町吉田・投票区41）
塩田地区,278,36.3864776,138.2944718,0,林正則様宅南畑地道路沿い（下吉田・投票区41）
塩田地区,279,36.3858499,138.2941052,0,桜台団地入口の公園フェンス掲示板隣り（桜台・投票区41）
塩田地区,280,36.3864776,138.2944718,0,桜台公民館南側公園フェンス（桜台・投票区41）
塩田地区,281,36.38465,138.2936053,0,ひかり団地公園フェンス（ひかり・投票区41）
塩田地区,282,36.4122165,138.3076275,0,渡辺安行様宅南側畑市道沿い（岩清水・投票区42）
塩田地区,283,36.4026845,138.3160995,0,氷沢公民館北金沢正明様宅西方ガードレール（岩清水・投票区42）
塩田地区,284,36.4122165,138.3076275,0,下郷公民館南金子富士夫氏所有田畔（下郷・投票区42）
塩田地区,285,36.4191519,138.3121906,0,瀬切信幸氏様宅隣接畑地西側道路沿い（下郷・投票区42）
塩田地区,286,36.4148744,138.3054414,0,まほろばの里交流会館北側歩道脇（矢沢・投票区42）
塩田地区,287,36.4122165,138.3076275,0,児童公園向かい運動広場フェンス沿い（矢沢・投票区42）
塩田地区,288,36.4122165,138.3076275,0,石屋班作業所前関富士雄様宅畑の石垣沿い（赤坂・投票区42）
塩田地区,289,36.4122165,138.3076275,0,赤坂公民館前モミジの木の下（赤坂・投票区42）
塩田地区,290,36.3544715,138.1996399,0,上本郷公民館北側広場東境沿い（上本郷・投票区43）
塩田地区,291,36.3588905,138.1980953,0,塩田地域自治センター前芝生（上本郷・投票区43）
塩田地区,292,36.3669203,138.1943785,0,中野コミュニティセンター南側道路沿い（中野・投票区43）
塩田地区,293,36.3621374,138.1924594,0,中野公民館消防団車庫南側壁面（中野・投票区43）
塩田地区,294,36.3632706,138.1993617,0,塩田有線跡地（中野・投票区43）
塩田地区,295,36.3638456,138.1964729,0,塩田ディサービス入口東河川防護柵(JA寄り)（中野・投票区43）
塩田地区,296,36.3671591,138.1938785,0,学海南自治会館フェンス入口右側（学海南・投票区43）
塩田地区,297,36.3669203,138.1943785,0,学海県営団地集会所向い側97号室前フェンス（学海北・投票区43）
塩田地区,298,36.3608403,138.2010283,0,五加八丁甲田巧様宅前道路沿いフェンス（五加・投票区44）
塩田地区,299,36.358735,138.2043004,0,五加前池西側土手道路沿いカーブミラー南側（五加・投票区44）
塩田地区,300,36.3618458,138.2047114,0,旧五加公民館跡地現駐車場県道沿い（五加・投票区44）
塩田地区,301,36.3646316,138.2046557,0,女池北東隅稲荷神社脇四辻池フェンス（五加・投票区44）
塩田地区,302,36.3636456,138.2048057,0,五加自治会館入口付近道路沿いフェンス（五加・投票区44）
塩田地区,303,36.3646316,138.2046557,0,関清志様宅西側ブロック塀沿い（五加・投票区44）
塩田地区,304,36.3647233,138.2093387,0,内堀団地U6号棟前向い(道祖神脇)（五加・投票区44）
塩田地区,305,36.3682618,138.21303,0,斉藤工務店看板前（東五加・投票区44）
塩田地区,306,36.3596488,138.199398,0,花岡佳徳様宅向いガードレール（下本郷・投票区45）
塩田地区,307,36.3761305,138.2119823,0,元バス停｢産川｣北向い花岡恒人所有田畔（下本郷・投票区45）
塩田地区,308,36.3771831,138.2107907,0,下小島公民館西側植え込み沿い（下小島・投票区45）
塩田地区,309,36.371692,138.2026999,0,塩田北保育園北東側フェンス（上小島・投票区45）
塩田地区,310,36.3726863,138.2006194,0,旧保野郵便局東関さと様宅畑東側道路沿い（保野・投票区45）
塩田地区,311,36.3709254,138.196142,0,長岡和美様宅ブロック塀（保野・投票区45）
塩田地区,312,36.3697033,138.193495,0,遠藤稔様宅東側水田（保野・投票区45）
塩田地区,313,36.3726947,138.195192,0,加古池北側フェンス市道沿い（保野・投票区45）
塩田地区,314,36.3648565,138.1856598,0,舞田公民館東側道路沿い（舞田・投票区46）
塩田地区,315,36.3651286,138.1843543,0,元バス停｢舞田｣東防火用水裏ガードパイプ（舞田・投票区46）
塩田地区,316,36.3620983,138.1804604,0,西山昭一様宅前畑（八木沢・投票区46）
塩田地区,317,36.3618399,138.1759858,0,田中榮二様宅前畑（八木沢・投票区46）
塩田地区,318,36.3636537,138.1797604,0,八木沢駅から南へ200m進んだ､圃場整備地の西側（八木沢・投票区46）
塩田地区,319,36.3609343,138.1729167,0,山辺秀夫様宅向い区画案内板東隣の土手（ｾﾚｰﾉ八木沢・投票区46）
塩田地区,320,36.3638008,138.1767856,0,中澤栄二様宅向かい自治会案内図付近（八舞・投票区46）
塩田地区,321,36.3483333,138.202365,0,竹澤様宅西側手洗池土手（柳沢・投票区47）
塩田地区,322,36.3477862,138.2039371,0,柳沢公民館前小須田健男様宅西側道路沿い（柳沢・投票区47）
塩田地区,323,36.3477531,138.2164639,0,石神自治会館の生垣（石神・投票区47）
塩田地区,324,36.3475115,138.2199525,0,石神荒井公民館前広場道路沿い（石神・投票区47）
塩田地区,325,36.3471088,138.2203136,0,やおふく塩田店向い金澤定雄様宅南側生垣（鈴子・投票区47）
塩田地区,326,36.3475115,138.2199525,0,鈴子公民館入口東南道路緑地帯（鈴子・投票区47）
塩田地区,327,36.3365212,138.2217249,0,林忠彦様宅東はぜ棒棚（平井寺・投票区47）
塩田地区,328,36.3346214,138.2211306,0,平井寺公民館向かい山部豊様宅物置沿い（平井寺・投票区47）
塩田地区,329,36.368359,138.2191602,0,中池西側土手石垣沿い(県道上田一丸子線沿い)（下之郷・投票区48）
塩田地区,330,36.3598823,138.2192716,0,下之郷公民館南側歩道沿い（下之郷・投票区48）
塩田地区,331,36.3604016,138.2175939,0,生島足島神社東側美容室アン向かい辺り力゛-ﾄﾞﾚｰﾙ（下之郷・投票区48）
塩田地区,332,36.3629319,138.2178743,0,別所線下之郷駅都筑木工作業所西(神社参道)（下之郷・投票区48）
塩田地区,333,36.3706144,138.2161019,0,ファミリーマート駐車場沿いの県道の廃道敷（下之郷・投票区48）
塩田地区,334,36.3602628,138.2171078,0,桜団地62号西植え込み沿い（桜・投票区48）
塩田地区,335,36.3397682,138.229338,0,西澤由二様宅道路向かい側市道と河川のガードレール沿い（奈良尾・投票区49）
塩田地区,336,36.3371325,138.2304935,0,奈良尾公民館東児童公園フェンス（奈良尾・投票区49）
塩田地区,337,36.3449981,138.227213,0,小西英俊様宅東向かい河川防護フェンス沿い（奈良尾・投票区49）
塩田地区,338,36.3431844,138.2281797,0,長沢知熊様宅東側道上の空き地（富士山中組・投票区49）
塩田地区,339,36.3450232,138.2323876,0,元オルガン針東塩田工場東丁字路突当り道路敷（富士山中組・投票区49）
塩田地区,340,36.3449981,138.227213,0,中組公民館敷地内（富士山中組・投票区49）
塩田地区,341,36.3449981,138.227213,0,塩田構造改善センター隣運動場西側道路沿い（富士山中組・投票区49）
塩田地区,342,36.3449981,138.227213,0,工藤修二様宅東道祖神西隣の道路敷（下組・投票区49）
塩田地区,343,36.3537692,138.2282821,0,新田三叉路突当り土手（下組・投票区49）
塩田地区,344,36.3560686,138.197501,0,皇子神社横市道脇の空き地（十人・投票区50）
塩田地区,345,36.35133,138.1919323,0,検田見集会場南側道路ガードレール（塩田新町・投票区50）
塩田地区,346,36.3500717,138.1851301,0,(有)林建設向かい畑道路沿い（塩田新町・投票区50）
塩田地区,347,36.3481802,138.1860413,0,王子バス停前南西隅山棧崇様宅畑生垣沿い（塩田新町・投票区50）
塩田地区,348,36.3483692,138.1934518,0,信州きのこ狩苑北ガードレール沿い（東前山・投票区50）
塩田地区,349,36.3430865,138.1954797,0,黒坂周平様宅東側神戸川ガードレール（東前山・投票区50）
塩田地区,350,36.3428503,138.1928493,0,黒坂明子様宅畑道路沿い（東前山・投票区50）
塩田地区,351,36.3443473,138.1878136,0,宮澤忠雄様宅東生け垣沿い（西前山・投票区50）
塩田地区,352,36.3399171,138.1851141,0,西前山公民館東石垣沿い（西前山・投票区50）
塩田地区,353,36.3463276,138.1811918,0,西塩田保育園運動場南側フェンス沿い（手塚・投票区51）
塩田地区,354,36.3450015,138.1815954,0,｢やまびこの家｣北側フェンス（手塚・投票区51）
塩田地区,355,36.3392699,138.1784786,0,吉野正幸様所有畑南側（手塚・投票区51）
塩田地区,356,36.3500827,138.1718424,0,竹下自動車南向い河川ガードレール沿い砂防指定の看板脇（山田・投票区51）
塩田地区,357,36.3490883,138.1697816,0,バス停｢山田｣南隣竹下勲様宅畑南側道路沿い（山田・投票区51）
塩田地区,358,36.3490883,138.1697816,0,山田生活改善センター東側入口（山田・投票区51）
塩田地区,359,36.3531905,138.1632486,0,あいそめの湯歩道沿い植栽部分（分去・投票区52）
塩田地区,360,36.3563735,138.1610986,0,県営住宅新設棟北側道路沿いガードレール（分去・投票区52）
塩田地区,361,36.3505602,138.1567688,0,相染閣入口西側生垣沿い（分去・投票区52）
塩田地区,362,36.3505602,138.1567688,0,相染橋大湯側たもとガードレール（大湯・投票区52）
塩田地区,363,36.3501714,138.1578965,0,七久里石材店東20m先やき鳥｢桂｣向いの土手（大湯・投票区52）
塩田地区,364,36.3505602,138.1567688,0,北向観音参道入口西側河川ガードレール沿い（院内・投票区52）
塩田地区,365,36.35246,138.1561021,0,(市長選用)たこ焼き｢よりみち｣前水路のフェンス（院内・投票区52）
塩田地区,365,36.3521156,138.1557521,0,(市議選用)西町千野建築作業場フェンス（院内・投票区52）
塩田地区,366,36.3498713,138.1538691,0,倉沢司様宅ブロック塀掲示板右（上手・投票区52）
塩田地区,367,36.3364674,138.1572057,0,野倉公民館前（野倉・投票区52）
塩田地区,368,36.3700386,138.1618449,0,越戸第1組合作業所前ガードレール（越戸・投票区53）
塩田地区,369,36.3686775,138.1562177,0,井澤篤己様宅南道路脇（越戸・投票区53）
塩田地区,370,36.3741491,138.1591367,0,浦野南団地集会所向かいの公園フェンス（越戸・投票区53）
塩田地区,371,36.3684025,138.1564927,0,市道別所浦野線宮坂和子様宅南側ガードパイプ（越戸・投票区53）
塩田地区,372,36.3773544,138.1611253,0,浦里小学校西側フェンス沿い(トイレの前)（浦野・投票区53）
塩田地区,373,36.3791124,138.158831,0,皇太神宮壁（浦野・投票区53）
塩田地区,374,36.3795125,138.163364,0,東橋を浦野第一集会所に向つて右側ガードレール（浦野・投票区53）
川西地区,375,36.375138,138.1626614,0,西戸正光様宅北側(道路上敷地内)（藤之木・投票区54）
川西地区,376,36.3734829,138.1708662,0,諏訪神社池のフェンス(仁古田文化会館南側)（仁古田・投票区54）
川西地区,377,36.3765548,138.1732104,0,仁古田公民館物置壁（仁古田・投票区54）
川西地区,378,36.380024,138.1790903,0,仁古田生活改善センター東側空地国道沿い･北側国道沿い（仁古田・投票区54）
川西地区,379,36.3790073,138.1729798,0,川西生協診療所西側自転車置場横（仁古田・投票区54）
川西地区,380,36.3811014,138.1712604,0,川西地区防災センター東側（岡・投票区54）
川西地区,381,36.3820125,138.1719742,0,内藤喜人様宅西側､内藤康男氏所有の畑（岡・投票区54）
川西地区,382,36.3854926,138.1732434,0,兵庫遠藤猛様宅南りんご畑（岡・投票区54）
川西地区,383,36.3904006,138.1792094,0,ひぱりが丘生活改善センター西側フェンス（ひばりが丘・投票区55）
川西地区,384,36.388737,138.1827203,0,岳ﾉ組南波喜代志様宅東側南波正人氏畑土手（下室賀・投票区55）
川西地区,385,36.3902534,138.1787789,0,春原勝衛様宅向い道路脇（下室賀・投票区55）
川西地区,386,36.3902534,138.1787789,0,樋之詰池南土手記念碑西辺り（下室賀・投票区55）
川西地区,387,36.3951275,138.1704101,0,下室賀生活改善センター東生垣（下室賀・投票区55）
川西地区,388,36.3982992,138.1646355,0,JA室賀支所入口植え込み前（下室賀・投票区55）
川西地区,389,36.3902534,138.1787789,0,小山武様宅東側畑地前道路脇（下室賀・投票区55）
川西地区,390,36.4122026,138.149239,0,しいのみ療護園向いガードレール（上室賀・投票区56）
川西地区,391,36.408817,138.1511112,0,原組停留所東側上水ポンプ室フェンス（上室賀・投票区56）
川西地区,392,36.4084891,138.1471088,0,竹内宏様宅前生垣沿い（上室賀・投票区56）
川西地区,393,36.4117832,138.1501445,0,室賀基幹集落センター入口（上室賀・投票区56）
川西地区,394,36.4122026,138.149239,0,中組西沢工務店向い西沢保明様宅畑前道路沿い（上室賀・投票区56）
川西地区,395,36.4152717,138.148125,0,上室賀･坂城停車場線中畝橋北側ガードレール（上室賀・投票区56）
川西地区,396,36.4181601,138.1458639,0,入組バス停留所向い荒井慶親様宅塀沿い（上室賀・投票区56）
川西地区,397,36.389112,138.1839479,0,和合公会堂向い駐車場道路沿い（小泉・投票区57）
川西地区,398,36.3923757,138.1909305,0,日向橋北交差点南掲示板横（小泉・投票区57）
川西地区,399,36.3833517,138.1876533,0,六中グランド寄り入口Y字路フェンス沿い（小泉・投票区57）
川西地区,400,36.3833517,138.1876533,0,町小泉消防庫前広場西土塀前（小泉・投票区57）
川西地区,401,36.3833517,138.1876533,0,小泉区民会館前圃場整備事務所前（小泉・投票区57）
川西地区,402,36.3844404,138.188281,0,小泉町生活改善センター広場西側道祖神前（小泉・投票区57）
川西地区,403,36.3838849,138.1848841,0,川西公民館東側生垣沿い（小泉・投票区57）
川西地区,404,36.3789495,138.1900671,0,ネオパール長野向い赤羽武幸氏住宅の道反対側ガードレール（小泉・投票区57）
丸子地区,405,36.3002601,138.1348971,0,斎藤英彦様宅塀（西内・投票区58）
丸子地区,406,36.3011406,138.1354998,0,国道254号線法面(千曲バス車庫から役7m松本方面に向かい左側)（西内・投票区58）
丸子地区,407,36.3028237,138.138144,0,永井一郎様宅裏石垣(くりの木坂途中)（西内・投票区58）
丸子地区,408,36.3044291,138.1385689,0,永井頼男氏所有田前道路敷地（西内・投票区58）
丸子地区,409,36.3044515,138.144638,0,高梨橋の東､国道歩道フェンス（西内・投票区58）
丸子地区,410,36.3044291,138.1385689,0,西内268番地斎藤栄光様宅西側ガードレール（西内・投票区58）
丸子地区,411,36.3012745,138.1751802,0,NTT電話交換所国道フェンス（平井・投票区59）
丸子地区,412,36.3012745,138.1751802,0,かもめ鹿教湯店道向い国道フェンス（平井・投票区59）
丸子地区,413,36.3010606,138.174708,0,桜井晴夫様宅駐車場前国道フェンス（平井・投票区59）
丸子地区,414,36.3012745,138.1751802,0,戸羽消防庫(今まで設置の場所)の東側(丸子側)田んぼ国道側（平井・投票区59）
丸子地区,415,36.3009773,138.1888845,0,我山輝雄様宅東側歩道フェンス（平井・投票区59）
丸子地区,416,36.3012745,138.1751802,0,市道宮沢霊泉寺線寺前橋横ガードレール（平井・投票区59）
丸子地区,417,36.3040966,138.1986335,0,樋口正雄様宅入り口左側用水路ガードフェンス（荻窪・投票区60）
丸子地区,418,36.3075965,138.2095435,0,中村信行様宅前道路沿いガードパイプ（荻窪・投票区60）
丸子地区,419,36.3242821,138.2626244,0,臼田正直様宅(西側旧様宅)前フェンス（和子・投票区60）
丸子地区,420,36.3127327,138.2320025,0,東内グランドフェンス(バス側)（和子・投票区60）
丸子地区,421,36.3141856,138.2408322,0,草間勇二様宅前フェンス（下和子・投票区60）
丸子地区,422,36.3242821,138.2626244,0,東内郵便局西横フェンス（下和子・投票区60）
丸子地区,423,36.3131029,138.2678245,0,金山健一様宅西側ブロック塀（腰越・投票区61）
丸子地区,424,36.3129557,138.2659968,0,腰越児童公園フェンス（腰越・投票区61）
丸子地区,425,36.3125724,138.2636359,0,雇用促進住宅入ロフェンス（腰越・投票区61）
丸子地区,426,36.3126362,138.2573613,0,一本木諏訪神社国道側入口土手（腰越・投票区61）
丸子地区,427,36.3156887,138.266705,0,山印醸造(株)バス停フェンス（腰越・投票区61）
丸子地区,428,36.3245823,138.271632,0,三反田児童公園入口右側フェンス（三反田・投票区61）
丸子地区,429,36.3181857,138.2701685,0,下村恵一様宅入ロブロック塀（三反田・投票区61）
丸子地区,430,36.3198883,138.2692796,0,伊藤勝広様宅ブロック塀（三反田・投票区61）
丸子地区,431,36.3245823,138.271632,0,桜井章彦様宅東側フェンス（三反田・投票区61）
丸子地区,432,36.3195632,138.2587499,0,翠川恒雄様宅裏ガードレール(上辰のロバス停の道向かい)（辰ノロ・投票区62）
丸子地区,433,36.3232461,138.2619079,0,正村好雄様宅東側空き地（辰ノロ・投票区62）
丸子地区,434,36.32416,138.2634521,0,深井峰夫様宅塀（辰ノロ・投票区62）
丸子地区,435,36.3238601,138.2703127,0,丸子地域自治センター駐車場西側（海戸・投票区62）
丸子地区,436,36.3239185,138.2717654,0,フアーストピル正面植え込み（海戸・投票区62）
丸子地区,437,36.3219354,138.271996,0,上田信用金庫丸子支店東側道路沿いガードレール（海戸・投票区62）
丸子地区,438,36.3214243,138.2747431,0,小林哲哉様宅道路沿い石垣（海戸・投票区62）
丸子地区,439,36.3260265,138.2701488,0,丸子中央病院(旧真壁様宅)石塀（沢田・投票区62）
丸子地区,440,36.3293984,138.2698153,0,(市議選用)国道152号線沢田中丸子の信号西側ガードパイプ（沢田・投票区62）
丸子地区,440,36.3280626,138.2775369,0,(市長選用)都市下水路駐車場側フェンス（沢田・投票区62）
丸子地区,441,36.3294179,138.2704819,0,沢田公民館南側フェンス（沢田・投票区62）
丸子地区,442,36.3276348,138.2719152,0,土屋祐一様宅駐車場北側フェンス(越前屋金物店東側)（沢田・投票区62）
丸子地区,443,36.3280626,138.2775369,0,工藤房徳宅向かい側道路沿いフェンス（八日町・投票区62）
丸子地区,444,36.3261544,138.2752678,0,八日町児童公園内南側（八日町・投票区62）
丸子地区,445,36.3271099,138.2765371,0,八日町公民館入り口北側植込(掲示板前)（八日町・投票区62）
丸子地区,446,36.3325202,138.2673904,0,中丸子市営住宅Ａ棟東側植栽帯（中丸子・投票区63）
丸子地区,447,36.3328925,138.2711734,0,中山昭様宅国道側(角地)ブロック塀（中丸子・投票区63）
丸子地区,448,36.331851,138.2719317,0,中山甫助様宅市道沿いブロック塀（中丸子・投票区63）
丸子地区,449,36.3305735,138.2776201,0,上山岸公民館前水路フェンス（中丸子・投票区63）
丸子地区,450,36.3343313,138.2735925,0,長泉寺町道沿い石積みブロック塀（中丸子・投票区63）
丸子地区,451,36.3362617,138.2742535,0,江川ヴアルテル様宅市道沿ブロック塀（中丸子・投票区63）
丸子地区,452,36.3352645,138.2725009,0,下山岸公民館前上堰フェンス（中丸子・投票区63）
丸子地区,453,36.3399028,138.273684,0,小林英夫様宅ブロック塀（下丸子・投票区63）
丸子地区,454,36.3400612,138.2762671,0,下丸子公民館フェンス南側（下丸子・投票区63）
丸子地区,455,36.3424691,138.2745727,0,ゴミ集積所南側ガードレール（下丸子・投票区63）
丸子地区,456,36.3340394,138.2632129,0,掛川八重子様宅敷地内(工事のため従来地が不可のため)（御嶽堂・投票区64）
丸子地区,457,36.3260126,138.2665546,0,砂原隋道入り口北側竹林（御嶽堂・投票区64）
丸子地区,458,36.3260126,138.2665546,0,田村孝嘉氏たばこ乾燥室東側（御嶽堂・投票区64）
丸子地区,459,36.3260126,138.2665546,0,三角愛宕神社(公民館)入口（御嶽堂・投票区64）
丸子地区,460,36.3260126,138.2665546,0,南原公民館資源ごみ回収所横（御嶽堂・投票区64）
丸子地区,461,36.3456626,138.2599962,0,北原公民館入口西側県道ガードレール（飯沼・投票区65）
丸子地区,461,36.3456626,138.2599962,0,北原公民館入口西側県道ガードレール（飯沼・投票区65）
丸子地区,462,36.3497345,138.2700007,0,とんぼハウス入り口右側フェンス前（飯沼・投票区65）
丸子地区,463,36.3513676,138.2684675,0,依田保育園入口右側フェンス前（飯沼・投票区65）
丸子地区,464,36.3521732,138.2730087,0,飯沼神社境内（飯沼・投票区65）
丸子地区,465,36.3521732,138.2730087,0,飯沼から尾野山への市道沿い花壇内（飯沼・投票区65）
丸子地区,466,36.3521732,138.2730087,0,一心常会場東側フェンス（飯沼・投票区65）
丸子地区,467,36.3521732,138.2730087,0,信号｢丸子北小中学校入口｣東側空き地（飯沼・投票区65）
丸子地区,468,36.3590557,138.2819688,0,宇野商店の道向いの道路フェンス（茂沢・投票区66）
丸子地区,469,36.3521732,138.2730087,0,宮下三男様宅前防火貯水槽フェンス（茂沢・投票区66）
丸子地区,470,36.3660408,138.2821769,0,ビュータウン茂沢えぼし公園掲示板左側（茂沢・投票区66）
丸子地区,471,36.3624355,138.2720668,0,尾野山第一農家組合生活改善センターとバス停｢二本木｣間の道路沿い（尾野山・投票区67）
丸子地区,472,36.3627382,138.2717779,0,尾野山公民館フェンス（尾野山・投票区67）
丸子地区,473,36.3521732,138.2730087,0,梨平集会所敷地（尾野山・投票区67）
丸子地区,474,36.3449633,138.2788195,0,市営住宅上長瀬団地敷地入口（上長瀬・投票区68）
丸子地区,475,36.3472436,138.2820691,0,ごみステーション横(以前設置場所の道向い)（上長瀬・投票区68）
丸子地区,476,36.3373789,138.2961876,0,練合公民館敷地石垣（上長瀬・投票区68）
丸子地区,477,36.3444026,138.289838,0,金井地区入口道路フェンス（長瀬中央・投票区68）
丸子地区,478,36.3477493,138.2871548,0,上平南公民館ごみステーション側フェンス（長瀬中央・投票区68）
丸子地区,479,36.3506017,138.2889962,0,宮原団地公園南側フェンス前(足りなければ入口側も使用)（下長瀬・投票区68）
丸子地区,480,36.3479103,138.2874797,0,町組公民館生垣前（長瀬中央・投票区68）
丸子地区,481,36.3509126,138.2836105,0,長瀬保育園玄関横フェンス（長瀬中央・投票区68）
丸子地区,482,36.3505904,138.2842577,0,長瀬市民センター裏のフェンス（下長瀬・投票区68）
丸子地区,483,36.3543177,138.2873157,0,西組コミュニティセンター下長瀬庭（下長瀬・投票区68）
丸子地区,484,36.3479103,138.2874797,0,田中正一様宅ブロック塀（下長瀬・投票区68）
丸子地区,485,36.3557732,138.2901431,0,東組公民館南側フェンス（下長瀬・投票区68）
丸子地区,486,36.3590811,138.2924622,0,東街道公民館の庭(北側)（下長瀬・投票区68）
丸子地区,487,36.3479103,138.2874797,0,北街道公民館道路沿い（下長瀬・投票区68）
丸子地区,488,36.3660107,138.2923203,0,大石橋手前､吾妻歯科医院案内看板付近フェンス（石井・投票区69）
丸子地区,489,36.3660386,138.2957699,0,１５２号線東信工業入口案内看板付近フェンス（石井・投票区69）
丸子地区,490,36.3641889,138.2958505,0,芦田大屋停線(石井)バス停(上田方面)のフェンス（石井・投票区69）
丸子地区,491,36.3642251,138.2984225,0,桜井貢様所有の田んぼ前の歩道のフェンス（石井・投票区69）
丸子地区,492,36.3645251,138.2980836,0,笹澤宏宅道向かいのガードレール（石井・投票区69）
丸子地区,493,36.3642251,138.2984225,0,県道側から県営石井団地入口防音壁(左側)（石井・投票区69）
丸子地区,494,36.3611255,138.297731,0,今井次郎様宅西側フェンス（狐塚・投票区69）
丸子地区,495,36.3598312,138.2965284,0,岩下明様宅裏水田（狐塚・投票区69）
丸子地区,496,36.3606786,138.3023749,0,坂井団地公園南側フェンス（坂井・投票区70）
丸子地区,497,36.3575042,138.3041915,0,丸子消防団第6分団詰所県道側フェンス沿い（坂井・投票区70）
丸子地区,498,36.3557188,138.315957,0,横山順一様宅物置（郷仕川原・投票区70）
丸子地区,499,36.3642251,138.2984225,0,芦田良一氏所有の畑市道沿い（南方・投票区70）
丸子地区,500,36.3541187,138.3073941,0,南方公民館スロープ前植え込み（南方・投票区70）
丸子地区,501,36.3559128,138.3058081,0,塩川小学校校庭南側出入ロフェンス（南方・投票区70）
丸子地区,502,36.3511608,138.308433,0,滝澤郁也氏所有畑県道側（南方・投票区70）
丸子地区,503,36.3332405,138.2981321,0,黒沢照夫様宅畑（藤原田・投票区71）
丸子地区,504,36.3332405,138.2981321,0,県道用地（藤原田・投票区71）
真田地区,505,36.5227529,138.3459754,0,サニアパーク菅平陸上競技場下（菅平・投票区72）
真田地区,506,36.5240551,138.3236742,0,緑地広場バス停前(イナリールホテル横)（菅平・投票区72）
真田地区,507,36.5295824,138.3143248,0,佐藤五郎様宅前（菅平・投票区72）
真田地区,508,36.5255218,138.330593,0,菅平西組消防庫県道沿い（菅平・投票区72）
真田地区,509,36.5255218,138.330593,0,ホテル桑田館第一グラウンド沿いのフェンス（菅平・投票区72）
真田地区,510,36.5255218,138.330593,0,中組ゴミステーシヨン（菅平・投票区72）
真田地区,511,36.5285827,138.3328316,0,菅平リゾートセンター入口前(菅平リゾートセンター)（菅平・投票区72）
真田地区,512,36.5255218,138.330593,0,東公園擁壁上柵前(セブンイレブン先)（菅平・投票区72）
真田地区,513,36.5255218,138.330593,0,菅平シュナイダーヒュッテ前ガードパイプ(ホテルベルニナ付近)（菅平・投票区72）
真田地区,514,36.5100433,138.3818783,0,物置入口（大日向(渋沢)・投票区73）
真田地区,515,36.4380382,138.2999572,0,渋沢集出荷所壁(渋沢集出荷所)（大日向(渋沢)・投票区73）
真田地区,516,36.4380382,138.2999572,0,茶飯事道向の自販機横（大日向・投票区74）
真田地区,517,36.4380382,138.2999572,0,不動尊下路肩（大日向・投票区74）
真田地区,518,36.4792625,138.3489766,0,大熊正志様宅ブロック塀（大日向・投票区74）
真田地区,519,36.474649,138.3455854,0,大久保一人さん様宅物置壁(旧道)（大日向・投票区74）
真田地区,520,36.4380382,138.2999572,0,ゴミステーシヨン下ガードレール（角間・投票区75）
真田地区,521,36.4545122,138.3353093,0,永井英雄さん様宅裏ブロック塀（横沢・投票区75）
真田地区,522,36.4541123,138.3358537,0,横沢公民館幟棹置場前(横沢公民館)（横沢・投票区75）
真田地区,523,36.4380382,138.2999572,0,旧長村役場跡地(ゴミステーシヨン)山家神社駐車場（真田・投票区75）
真田地区,524,36.448571,138.3273546,0,旧真田配水池フェンス（真田・投票区75）
真田地区,525,36.4380382,138.2999572,0,真田区マレットゴルフ場（真田・投票区75）
真田地区,526,36.4478738,138.3238187,0,長生涯学習館フェンス（真田・投票区75）
真田地区,527,36.4380382,138.2999572,0,JA真田研修所駐車馬入口(Aコープ長店)（真田・投票区75）
真田地区,528,36.4395302,138.3182639,0,坂口茂男さん様宅前防火水槽フェンス（十林寺・投票区75）
真田地区,529,36.447507,138.3150306,0,戸沢公民館西側(郵便ポスト隣フェンス手前)（戸沢・投票区76）
真田地区,530,36.4441129,138.3141474,0,市道沿いガードレール(田中治利さん宅の向かい側)（石舟・投票区76）
真田地区,531,36.4435184,138.3079564,0,ふれあいさなだ館プール横フェンス(ふれあいさなだ館)（つくし・投票区76）
真田地区,532,36.4380382,138.2999572,0,アザレアンさなだ入ロフェンス（横尾・投票区76）
真田地区,533,36.4380382,138.2999572,0,横尾地区県道沿いゴミステーシヨン（横尾・投票区76）
真田地区,533,36.4380382,138.2999572,0,宮崎哲雄氏畑（横尾・投票区76）
真田地区,534,36.4415407,138.3038123,0,真田総合福祉センター駐車場フェンス(真田福祉センター)（横尾・投票区76）
真田地区,535,36.4380382,138.2999572,0,ゆきむら夢工房（横尾・投票区76）
真田地区,536,36.4380382,138.2999572,0,真田中学校プールのフェンス（四日市・投票区76）
真田地区,537,36.4242622,138.3057131,0,国県道荒井交差点樹木植え込み地(国道144号荒井交差点)（荒井・投票区76）
真田地区,538,36.4371522,138.3028792,0,駅前食堂前駐車場端(駅前食堂)（荒井・投票区76）
真田地区,539,36.4353691,138.3015489,0,神林貞幸様宅物置裏ガードレール（荒井・投票区76）
真田地区,540,36.4496481,138.2976321,0,曲尾バス停前県道ガードレール(曲尾バス停)（曲尾・投票区77）
真田地区,541,36.4496481,138.2976321,0,曲尾区公民館フェンス(曲尾区公民館)（曲尾・投票区77）
真田地区,542,36.4565307,138.2927546,0,県道35号線沿いフェンス(JA傍陽ガソリンスタンドの隣)（曲尾・投票区77）
真田地区,543,36.4565307,138.2927546,0,傍陽保育園入口傍陽バス停下ガードパイプ(傍陽保育園入口)（萩・投票区77）
真田地区,544,36.4565307,138.2927546,0,傍陽小学校防火貯水槽前フェンス正門側(傍陽小学校)（萩・投票区77）
真田地区,545,36.4587499,138.2939099,0,牧内寛－さん様向かい畑（萩・投票区77）
真田地区,546,36.4548975,138.290927,0,JA真田職員寮フェンス(元営林署官舎)（大庭・投票区77）
真田地区,547,36.453392,138.2896549,0,大庭橋付近ガードレール（大庭・投票区77）
真田地区,548,36.457686,138.2830221,0,傍陽西部地区コミュニティセンター前ガードレール(傍陽中組新公民館)（傍陽中組・投票区78）
真田地区,549,36.4578943,138.2818416,0,石堂橋横ガードレール(武者綿業川向こう)（傍陽中組・投票区78）
真田地区,550,36.4565307,138.2927546,0,堤集会所跡地向いガードレール（傍陽中組・投票区78）
真田地区,551,36.4565307,138.2927546,0,中組石油貯蔵所フェンス(県道長野真田世沿い)（傍陽中組・投票区78）
真田地区,552,36.4565307,138.2927546,0,岡保集落入口県道ガードレール（岡保・投票区78）
真田地区,553,36.4624935,138.2698287,0,岡保公民館前花壇内（岡保・投票区78）
真田地区,554,36.4565307,138.2927546,0,入軽井沢公民館前バス停横ガードパイプ(県道長野真田線沿い)（入軽井沢・投票区78）
真田地区,555,36.4565307,138.2927546,0,ゴミステーションそばガードレール（入軽井沢・投票区78）
真田地区,556,36.4565307,138.2927546,0,金子南一(ﾐﾅｶｽﾞ)様田んぼの畦（田中・投票区79）
真田地区,557,36.4565307,138.2927546,0,洗馬川運動公園入ロガードレール(洗馬川運動公園入口)（下横道・投票区79）
真田地区,558,36.4565307,138.2927546,0,横道公会堂入ロガードレール（中横道・投票区79）
真田地区,559,36.4715904,138.3015366,0,清水孝徳さん様宅フェンス(横道公会堂上)（中横道・投票区79）
真田地区,560,36.4752401,138.302517,0,堀内一巳さん様宅前ガードレール（上横道・投票区79）
真田地区,561,36.4565307,138.2927546,0,穴沢集落ゴミステーシヨン（穴沢・投票区79）
真田地区,562,36.4709821,138.3107081,0,三島平公民館防火水槽横（三島平・投票区79）
真田地区,563,36.4565307,138.2927546,0,傍陽線｢大倉｣バス停付近（三島平・投票区79）
真田地区,564,36.4313475,138.3071236,0,山岸栄一様宅道路沿い（中原・投票区80）
真田地区,565,36.4281257,138.3081154,0,本原担い手研修センター前土手（中原・投票区80）
真田地区,566,36.4285367,138.3060155,0,真田児童館西側フェンス（中原・投票区80）
真田地区,567,36.4242622,138.3057131,0,中原配水池フェンス（中原・投票区80）
真田地区,568,36.4306225,138.305396,0,表木公民館広場植込み前（表木・投票区80）
真田地区,569,36.4255786,138.3038743,0,古川新一郎様宅前ガードパイプ（町原・投票区80）
真田地区,570,36.4257343,138.3078905,0,上原公民館裏掲示板（上原・投票区80）
真田地区,571,36.4242622,138.3057131,0,消防庫隣接広場の北側端面（下郷沢・投票区80）
真田地区,572,36.4242622,138.3057131,0,JA本原支所竹室選果場上駐車場（竹室・投票区81）
真田地区,573,36.4338973,138.3116758,0,竹室区公民館フェンス（竹室・投票区81）
真田地区,574,36.4242622,138.3057131,0,県道長野真田線と矢沢真田線の交差点付近ガードレール（竹室・投票区81）
真田地区,575,36.4242622,138.3057131,0,下塚集落入口交差点（下塚・投票区81）
真田地区,576,36.4242622,138.3057131,0,田中建築倉庫下ガードレール（小玉上郷沢・投票区81）
真田地区,577,36.4242622,138.3057131,0,真田氏歴史館駐車場入口横ガードパイプ（小玉上郷沢・投票区81）
真田地区,578,36.4242622,138.3057131,0,赤井集落入口花壇（赤井・投票区81）
真田地区,579,36.4242622,138.3057131,0,赤井集落内ごみステーション（赤井・投票区81）
真田地区,580,36.4232622,138.3057131,4,芳沢孝夫さん様宅横ガードレール（下原・投票区82）
真田地区,581,36.4215873,138.2995638,0,下原バス停横(西友前)ガードパイプ（下原・投票区82）
真田地区,582,36.4187878,138.3031053,0,下原ふれあい公園フェンス（下原・投票区82）
真田地区,583,36.4242622,138.3057131,0,下原公民館入口小公園南側（下原・投票区82）
真田地区,584,36.4228428,138.3029884,0,一本鎗武志さん宅北側市道沿いの水路のガードパイプ（下原・投票区82）
真田地区,585,36.4242622,138.3057131,0,本原クリーンメディア敷地（出早・投票区82）
真田地区,586,36.4278726,138.2970997,0,ポーラ化粧品販売店横塀（大畑・投票区82）
真田地区,587,36.4242622,138.3057131,0,本原医院付近大畑バス停横ガードレール（大畑・投票区82）
真田地区,588,36.4242622,138.3057131,0,コイズミ興業前交差点ガードレール（大畑・投票区82）
武石地区,589,36.2990264,138.2453407,0,武石第一分団消防庫東側畑（鳥屋・投票区83）
武石地区,590,36.2990264,138.2453407,0,見晴台団地前県道のガードパイプ（鳥屋・投票区83）
武石地区,591,36.2990264,138.2453407,0,稲荷交差点鳥屋側の斜面（鳥屋・投票区83）
武石地区,592,36.2975156,138.2489765,0,山口勝彦氏様宅前のガードレール（沖・投票区83）
武石地区,593,36.2992904,138.2507985,0,ショッピングセンターピコ北東入口（沖・投票区83）
武石地区,594,36.2931578,138.2486379,0,上沖橋のガードレール（沖・投票区83）
武石地区,595,36.3029261,138.250976,0,コーポ沖前ガードレール（沖・投票区83）
武石地区,596,36.2847836,138.2427668,0,樋沢文広氏様宅下のフェンス（薮合・投票区84）
武石地区,597,36.2835224,138.2335788,0,川合康司様宅左隣のガードレール（薮合・投票区84）
武石地区,598,36.2817867,138.2412782,0,石経団地内（中島・投票区84）
武石地区,599,36.2835224,138.2335788,0,中島公園前フェンス（中島・投票区84）
武石地区,600,36.2835224,138.2335788,0,小林正氏下の畑(酒田ゆき江氏所有)（七ケ・投票区84）
武石地区,601,36.2831779,138.2323789,0,飯島邦隆氏様宅南フェンス（七ケ・投票区84）
武石地区,602,36.2841139,138.2311873,0,武石公民館前のガードレール（七ケ・投票区84）
武石地区,603,36.2835224,138.2335788,0,市営住宅入口道路のフェンス（七ケ・投票区84）
武石地区,604,36.2835224,138.2335788,0,青山勝則様宅向かいの畑前（七ケ・投票区84）
武石地区,605,36.283525,138.2304874,0,武石地域自治センターの前（片羽・投票区84）
武石地区,606,36.2832362,138.2292375,0,市営住宅の前のフェンス（片羽・投票区84）
武石地区,607,36.2810504,138.2310653,0,特別養護老人ホームともしび向いガードレール（堀之内・投票区84）
武石地区,608,36.2821335,138.2278433,0,小山直氏様宅の前（堀之内・投票区84）
武石地区,609,36.2825335,138.2294625,0,大井明弘氏様宅上のガードレール（堀之内・投票区84）
武石地区,610,36.2825335,138.2294625,0,児玉将男様宅裏ガードレール（市之瀬・投票区84）
武石地区,611,36.2748813,138.213695,0,斉藤計幸氏の物置(武石新橋の上流側)（下本入・投票区85）
武石地区,612,36.2750035,138.2145366,0,明治食品(株)武石工場入口反対側のガードレール（下本入・投票区85）
武石地区,613,36.2741397,138.2086594,0,県道62号線沿いフェンス(第三分団消防庫付近)（下本入・投票区85）
武石地区,614,36.2748813,138.213695,0,金子秋子氏鶏舎の入ロガードレール（下本入・投票区85）
武石地区,615,36.2713619,138.17464,0,下小寺尾公民館下のガードレール（下小寺尾・投票区85）
武石地区,616,36.2741064,138.200149,0,武石ふれあい教室の前県道横(旧権現保育園)（権現・投票区85）
武石地区,617,36.2713619,138.17464,0,権現神社の向かい側ガードレール゛（権現・投票区85）
武石地区,618,36.2734367,138.1781535,0,上小寺尾公民館西側ガードレール（上小寺尾・投票区86）
武石地区,619,36.2713619,138.17464,0,唐沢公民館前のフェンス（唐沢・投票区86）
武石地区,620,36.2713619,138.17464,0,上本入第5配水池の前（築地原・投票区86）
武石地区,621,36.2727477,138.1686042,0,築地原トレーニングセンター前（築地原・投票区86）
武石地区,622,36.2713619,138.17464,0,大布施公民館の入口（大布施巣栗・投票区86）
武石地区,623,36.2689144,138.1517304,0,下巣栗バス停の横（大布施巣栗・投票区86）
武石地区,624,36.2722059,138.1609074,0,上本入第4配水池の前（大布施巣栗・投票区86）
武石地区,625,36.2771343,138.2349346,0,小沢根辻交差点横の畑(豊田亨氏所有)（小沢根・投票区87）
武石地区,626,36.2762648,138.230049,0,小沢根公民館向い側のガードレール（小沢根・投票区87）
武石地区,627,36.2761843,138.2315683,0,防火水槽横畑（小沢根・投票区87）
武石地区,628,36.2742068,138.2317684,0,千葉とし子氏物置横の畑（小沢根・投票区87）
武石地区,629,36.2725068,138.2296169,0,余里第一集会所の前のガードレール（余里・投票区88）
武石地区,630,36.2725068,138.2296169,0,余里公衆トイレの横（余里・投票区88）
武石地区,631,36.2725068,138.2296169,0,トキノス橋横のゴミステーシヨンの横（余里・投票区88）
武石地区,632,36.2725068,138.2296169,0,旧福祉企業センター余里分場前のガードレール（余里・投票区88）
武石地区,633,36.2570075,138.3161338,4,上余里ゴミステーション横の下のガードレール（余里・投票区88）